login;activité;qualité;date
;;;;;
Login;Nom;Expert;"2014-07-16 11:31:01"
Login;Nom;NC;"2014-07-16 11:33:45"
CYLDqpSmrz;Nom;NC;"2014-07-16 15:38:17"
NLycTZaQzA;Nom;NC;"2014-07-16 15:49:31"
hnXgAJYEWk;Nom;NC;"2014-07-16 15:49:31"
zkISNvQPMY;Nom;NC;"2014-07-16 15:49:31"
PYxucWoKUf;Nom;NC;"2014-07-16 15:49:31"
fMpGKXYHWI;Nom;NC;"2014-07-16 15:49:31"
XSZbLMvNWk;Nom;NC;"2014-07-16 15:49:31"
GZAfOsIMEe;Nom;NC;"2014-07-16 15:49:31"
oSwWMukcTr;Nom;NC;"2014-07-16 15:49:32"
DQduWVpFxt;Nom;NC;"2014-07-16 15:49:34"
DkRXjVpsef;Nom;NC;"2014-07-16 15:49:34"
PvNGOFMJBh;Nom;NC;"2014-07-16 15:49:34"
VJXbAQWLCH;Nom;NC;"2014-07-16 15:49:34"
BaIWcRPZHp;Nom;NC;"2014-07-16 15:49:34"
TvILJezKWa;Nom;NC;"2014-07-16 15:49:34"
YpvubPtBok;Nom;NC;"2014-07-16 15:49:35"
PDsTVBKvlz;Nom;NC;"2014-07-16 15:49:35"
RAWQZenNmx;Nom;NC;"2014-07-16 15:49:35"
jzLZmSBFVx;Nom;NC;"2014-07-16 15:49:35"
BVkECtASiG;Nom;NC;"2014-07-16 15:49:35"
QWxMjlYtqw;Nom;NC;"2014-07-16 15:49:35"
Login;Nomjtyujyt;NC;"2014-07-16 11:00:00"
Login;Nomjtyujyt;NC;"2014-07-16 11:18:33"
Login;Nom52782;NC;"2014-07-16 11:06:15"
Login;Nom52782;Intervenant;"2014-07-16 11:14:27"
Login;Nom52782;Intervenant;"2014-07-16 11:16:13"
Login;Nom52782;Collaborateur;"2014-07-16 11:16:24"
Login;Nom52782;NC;"2014-07-16 11:23:28"
Login;Nom52782;NC;"2014-07-16 11:24:03"
AxfQplTEiG;Nom52782;Collaborateur;"2014-07-16 15:43:28"
zRZWaPrgsG;Nom52782;Collaborateur;"2014-07-16 15:43:29"
dYrOALEkDG;Nom52782;Collaborateur;"2014-07-16 15:43:29"
DplLvGfAwa;Nom52782;Collaborateur;"2014-07-16 15:43:29"
YBDWghcrKs;Nom52782;Collaborateur;"2014-07-16 15:43:29"
hOmdSrBeUD;Nom52782;Collaborateur;"2014-07-16 15:43:29"
owvHuYgDSC;Nom52782;Collaborateur;"2014-07-16 15:43:29"
wNvOKYQCkZ;Nom52782;Collaborateur;"2014-07-16 15:43:29"
iHKNfyCmce;Nom52782;Collaborateur;"2014-07-16 15:43:29"
adqjRowTcP;Nom52782;Collaborateur;"2014-07-16 15:43:29"
Login;Nomrzerze;NC;"2014-07-16 11:00:23"
POblqGJQut;Nombfc;Collaborateur;"2014-07-21 09:16:14"
bmiPwNFdBa;Nombfc;Collaborateur;"2014-07-21 09:16:14"
COiXjdKpZc;Nombfc;Collaborateur;"2014-07-21 09:16:14"
YigMBDWQAE;Nombfc;Collaborateur;"2014-07-21 09:16:14"
IahuYDxtsE;Nombfc;Collaborateur;"2014-07-21 09:16:14"
DWtwbSkLvQ;Nombfc;Collaborateur;"2014-07-21 09:16:15"
ZyxKHcaRqv;Nombfc;Collaborateur;"2014-07-21 09:16:15"
RHQmiOrNhg;Nombfc;Collaborateur;"2014-07-21 09:16:15"
EBNUSMrsIA;Nombfc;Collaborateur;"2014-07-21 09:16:15"
mVPWlQixzu;Nombfc;Collaborateur;"2014-07-21 09:16:15"
NaRjImEkeV;;Intervenant;"2014-07-16 15:52:08"
jVXxhLavcW;;Intervenant;"2014-07-16 15:52:08"
hkOIwxZzlK;;Intervenant;"2014-07-16 15:52:08"
jBhgzERJiF;;Intervenant;"2014-07-16 15:52:08"
tipMkWSbVY;;Intervenant;"2014-07-16 15:52:08"
